,Niveau 1,Niveau 2,Niveau 3,Niveau 4,NAC
0,Contentieux civils et sociaux,Siège Non Spécialisé,2. JAF,2.1. Mariages et régimes matrimoniaux,23C
1,Contentieux civils et sociaux,Siège Non Spécialisé,2. JAF,2.1. Mariages et régimes matrimoniaux,23D
2,Contentieux civils et sociaux,Siège Non Spécialisé,2. JAF,2.1. Mariages et régimes matrimoniaux,23E
3,Contentieux civils et sociaux,Siège Non Spécialisé,2. JAF,2.1. Mariages et régimes matrimoniaux,23F
4,Contentieux civils et sociaux,Siège Non Spécialisé,2. JAF,2.1. Mariages et régimes matrimoniaux,23G
5,Contentieux civils et sociaux,Siège Non Spécialisé,2. JAF,2.1. Mariages et régimes matrimoniaux,23H
6,Contentieux civils et sociaux,Siège Non Spécialisé,2. JAF,2.1. Mariages et régimes matrimoniaux,23Z
7,Contentieux civils et sociaux,Siège Non Spécialisé,2. JAF,2.2. Divorce - contentieux,20F
8,Contentieux civils et sociaux,Siège Non Spécialisé,2. JAF,2.2. Divorce - contentieux,20G
9,Contentieux civils et sociaux,Siège Non Spécialisé,2. JAF,2.2. Divorce - contentieux,20J
10,Contentieux civils et sociaux,Siège Non Spécialisé,2. JAF,2.2. Divorce - contentieux,20L
11,Contentieux civils et sociaux,Siège Non Spécialisé,2. JAF,2.2. Divorce - contentieux,20X
12,Contentieux civils et sociaux,Siège Non Spécialisé,2. JAF,2.3. Après et hors divorce,12B
13,Contentieux civils et sociaux,Siège Non Spécialisé,2. JAF,2.3. Après et hors divorce,12C
14,Contentieux civils et sociaux,Siège Non Spécialisé,2. JAF,2.3. Après et hors divorce,22A
15,Contentieux civils et sociaux,Siège Non Spécialisé,2. JAF,2.3. Après et hors divorce,22B
16,Contentieux civils et sociaux,Siège Non Spécialisé,2. JAF,2.3. Après et hors divorce,22C
17,Contentieux civils et sociaux,Siège Non Spécialisé,2. JAF,2.3. Après et hors divorce,22D
18,Contentieux civils et sociaux,Siège Non Spécialisé,2. JAF,2.3. Après et hors divorce,22E
19,Contentieux civils et sociaux,Siège Non Spécialisé,2. JAF,2.3. Après et hors divorce,22F
20,Contentieux civils et sociaux,Siège Non Spécialisé,2. JAF,2.4. Liquidation partage,22G
21,Contentieux civils et sociaux,Siège Non Spécialisé,2. JAF,2.5. Autorité parentale,27A
22,Contentieux civils et sociaux,Siège Non Spécialisé,2. JAF,2.5. Autorité parentale,27B
23,Contentieux civils et sociaux,Siège Non Spécialisé,2. JAF,2.5. Autorité parentale,27C
24,Contentieux civils et sociaux,Siège Non Spécialisé,2. JAF,2.5. Autorité parentale,27D
25,Contentieux civils et sociaux,Siège Non Spécialisé,2. JAF,2.5. Autorité parentale,27E
26,Contentieux civils et sociaux,Siège Non Spécialisé,2. JAF,2.5. Autorité parentale,27F
27,Contentieux civils et sociaux,Siège Non Spécialisé,2. JAF,2.5. Autorité parentale,27I
28,Contentieux civils et sociaux,Siège Non Spécialisé,2. JAF,2.5. Autorité parentale,27J
29,Contentieux civils et sociaux,Siège Non Spécialisé,2. JAF,2.5. Autorité parentale,27K
30,Contentieux civils et sociaux,Siège Non Spécialisé,2. JAF,2.5. Autorité parentale,27L
31,Contentieux civils et sociaux,Siège Non Spécialisé,2. JAF,2.5. Autorité parentale,27Z
32,Contentieux civils et sociaux,Siège Non Spécialisé,2. JAF,2.6. Obligations à caractère alimentaire,24A
33,Contentieux civils et sociaux,Siège Non Spécialisé,2. JAF,2.6. Obligations à caractère alimentaire,24B
34,Contentieux civils et sociaux,Siège Non Spécialisé,2. JAF,2.6. Obligations à caractère alimentaire,24C
35,Contentieux civils et sociaux,Siège Non Spécialisé,2. JAF,2.6. Obligations à caractère alimentaire,24D
36,Contentieux civils et sociaux,Siège Non Spécialisé,2. JAF,2.6. Obligations à caractère alimentaire,24E
37,Contentieux civils et sociaux,Siège Non Spécialisé,2. JAF,2.6. Obligations à caractère alimentaire,24F
38,Contentieux civils et sociaux,Siège Non Spécialisé,2. JAF,2.6. Obligations à caractère alimentaire,24G
39,Contentieux civils et sociaux,Siège Non Spécialisé,2. JAF,2.6. Obligations à caractère alimentaire,24I
40,Contentieux civils et sociaux,Siège Non Spécialisé,2. JAF,2.6. Obligations à caractère alimentaire,24J
41,Contentieux civils et sociaux,Siège Non Spécialisé,2. JAF,2.6. Obligations à caractère alimentaire,24K
42,Contentieux civils et sociaux,Siège Non Spécialisé,2. JAF,2.6. Obligations à caractère alimentaire,24L
43,Contentieux civils et sociaux,Siège Non Spécialisé,2. JAF,2.6. Obligations à caractère alimentaire,24M
44,Contentieux civils et sociaux,Siège Non Spécialisé,2. JAF,2.6. Obligations à caractère alimentaire,24Z
45,Contentieux civils et sociaux,Siège Non Spécialisé,2. JAF,2.7. Tutelles mineurs,15A
46,Contentieux civils et sociaux,Siège Non Spécialisé,2. JAF,2.7. Tutelles mineurs,15B
47,Contentieux civils et sociaux,Siège Non Spécialisé,2. JAF,2.7. Tutelles mineurs,15C
48,Contentieux civils et sociaux,Siège Non Spécialisé,2. JAF,2.7. Tutelles mineurs,15D
49,Contentieux civils et sociaux,Siège Non Spécialisé,2. JAF,2.7. Tutelles mineurs,15E
50,Contentieux civils et sociaux,Siège Non Spécialisé,2. JAF,2.7. Tutelles mineurs,15F
51,Contentieux civils et sociaux,Siège Non Spécialisé,2. JAF,2.7. Tutelles mineurs,15G
52,Contentieux civils et sociaux,Siège Non Spécialisé,2. JAF,2.7. Tutelles mineurs,15H
53,Contentieux civils et sociaux,Siège Non Spécialisé,2. JAF,2.7. Tutelles mineurs,15Z
58,Contentieux civils et sociaux,Siège Non Spécialisé,2. JAF,2.9. Autres JAF,12D
59,Contentieux civils et sociaux,Siège Non Spécialisé,2. JAF,2.9. Autres JAF,12Z
60,Contentieux civils et sociaux,Siège Non Spécialisé,2. JAF,2.9. Autres JAF,20I
61,Contentieux civils et sociaux,Siège Non Spécialisé,2. JAF,2.9. Autres JAF,20K
62,Contentieux civils et sociaux,Siège Non Spécialisé,2. JAF,2.9. Autres JAF,21F
63,Contentieux civils et sociaux,Siège Non Spécialisé,2. JAF,2.9. Autres JAF,21G
64,Contentieux civils et sociaux,Siège Non Spécialisé,2. JAF,2.9. Autres JAF,21H
65,Contentieux civils et sociaux,Siège Non Spécialisé,2. JAF,2.9. Autres JAF,21I
66,Contentieux civils et sociaux,Siège Non Spécialisé,2. JAF,2.9. Autres JAF,21J
67,Contentieux civils et sociaux,Siège Non Spécialisé,2. JAF,2.9. Autres JAF,21K
68,Contentieux civils et sociaux,Siège Non Spécialisé,2. JAF,2.9. Autres JAF,21X
69,Contentieux civils et sociaux,Siège Non Spécialisé,1. Social,1.1. Contentieux du travail,80A
70,Contentieux civils et sociaux,Siège Non Spécialisé,1. Social,1.1. Contentieux du travail,80B
71,Contentieux civils et sociaux,Siège Non Spécialisé,1. Social,1.1. Contentieux du travail,80C
72,Contentieux civils et sociaux,Siège Non Spécialisé,1. Social,1.1. Contentieux du travail,80D
73,Contentieux civils et sociaux,Siège Non Spécialisé,1. Social,1.1. Contentieux du travail,80E
74,Contentieux civils et sociaux,Siège Non Spécialisé,1. Social,1.1. Contentieux du travail,80F
75,Contentieux civils et sociaux,Siège Non Spécialisé,1. Social,1.1. Contentieux du travail,80G
76,Contentieux civils et sociaux,Siège Non Spécialisé,1. Social,1.1. Contentieux du travail,80H
77,Contentieux civils et sociaux,Siège Non Spécialisé,1. Social,1.1. Contentieux du travail,80I
78,Contentieux civils et sociaux,Siège Non Spécialisé,1. Social,1.1. Contentieux du travail,80J
79,Contentieux civils et sociaux,Siège Non Spécialisé,1. Social,1.1. Contentieux du travail,80K
80,Contentieux civils et sociaux,Siège Non Spécialisé,1. Social,1.1. Contentieux du travail,80L
81,Contentieux civils et sociaux,Siège Non Spécialisé,1. Social,1.1. Contentieux du travail,80M
82,Contentieux civils et sociaux,Siège Non Spécialisé,1. Social,1.1. Contentieux du travail,80N
83,Contentieux civils et sociaux,Siège Non Spécialisé,1. Social,1.1. Contentieux du travail,80O
84,Contentieux civils et sociaux,Siège Non Spécialisé,1. Social,1.1. Contentieux du travail,80P
85,Contentieux civils et sociaux,Siège Non Spécialisé,1. Social,1.1. Contentieux du travail,80Q
86,Contentieux civils et sociaux,Siège Non Spécialisé,1. Social,1.1. Contentieux du travail,80R
87,Contentieux civils et sociaux,Siège Non Spécialisé,1. Social,1.1. Contentieux du travail,80S
88,Contentieux civils et sociaux,Siège Non Spécialisé,1. Social,1.1. Contentieux du travail,80T
89,Contentieux civils et sociaux,Siège Non Spécialisé,1. Social,1.1. Contentieux du travail,80U
90,Contentieux civils et sociaux,Siège Non Spécialisé,1. Social,1.1. Contentieux du travail,80V
91,Contentieux civils et sociaux,Siège Non Spécialisé,1. Social,1.1. Contentieux du travail,80W
92,Contentieux civils et sociaux,Siège Non Spécialisé,1. Social,1.1. Contentieux du travail,80X
93,Contentieux civils et sociaux,Siège Non Spécialisé,1. Social,1.1. Contentieux du travail,80Y
94,Contentieux civils et sociaux,Siège Non Spécialisé,1. Social,1.1. Contentieux du travail,81A
95,Contentieux civils et sociaux,Siège Non Spécialisé,1. Social,1.1. Contentieux du travail,81B
96,Contentieux civils et sociaux,Siège Non Spécialisé,1. Social,1.1. Contentieux du travail,81C
97,Contentieux civils et sociaux,Siège Non Spécialisé,1. Social,1.1. Contentieux du travail,81D
98,Contentieux civils et sociaux,Siège Non Spécialisé,1. Social,1.1. Contentieux du travail,81E
99,Contentieux civils et sociaux,Siège Non Spécialisé,1. Social,1.1. Contentieux du travail,81F
100,Contentieux civils et sociaux,Siège Non Spécialisé,1. Social,1.1. Contentieux du travail,81G
101,Contentieux civils et sociaux,Siège Non Spécialisé,1. Social,1.1. Contentieux du travail,81H
102,Contentieux civils et sociaux,Siège Non Spécialisé,1. Social,1.1. Contentieux du travail,81I
103,Contentieux civils et sociaux,Siège Non Spécialisé,1. Social,1.1. Contentieux du travail,81J
104,Contentieux civils et sociaux,Siège Non Spécialisé,1. Social,1.1. Contentieux du travail,81K
105,Contentieux civils et sociaux,Siège Non Spécialisé,1. Social,1.1. Contentieux du travail,82A
106,Contentieux civils et sociaux,Siège Non Spécialisé,1. Social,1.1. Contentieux du travail,82B
107,Contentieux civils et sociaux,Siège Non Spécialisé,1. Social,1.1. Contentieux du travail,82C
108,Contentieux civils et sociaux,Siège Non Spécialisé,1. Social,1.1. Contentieux du travail,82D
109,Contentieux civils et sociaux,Siège Non Spécialisé,1. Social,1.1. Contentieux du travail,82E
110,Contentieux civils et sociaux,Siège Non Spécialisé,1. Social,1.1. Contentieux du travail,82F
111,Contentieux civils et sociaux,Siège Non Spécialisé,1. Social,1.1. Contentieux du travail,82G
112,Contentieux civils et sociaux,Siège Non Spécialisé,1. Social,1.1. Contentieux du travail,82H
113,Contentieux civils et sociaux,Siège Non Spécialisé,1. Social,1.1. Contentieux du travail,82I
114,Contentieux civils et sociaux,Siège Non Spécialisé,1. Social,1.1. Contentieux du travail,82J
115,Contentieux civils et sociaux,Siège Non Spécialisé,1. Social,1.1. Contentieux du travail,82K
116,Contentieux civils et sociaux,Siège Non Spécialisé,1. Social,1.1. Contentieux du travail,83A
117,Contentieux civils et sociaux,Siège Non Spécialisé,1. Social,1.1. Contentieux du travail,83B
118,Contentieux civils et sociaux,Siège Non Spécialisé,1. Social,1.1. Contentieux du travail,83C
119,Contentieux civils et sociaux,Siège Non Spécialisé,1. Social,1.1. Contentieux du travail,83D
120,Contentieux civils et sociaux,Siège Non Spécialisé,1. Social,1.1. Contentieux du travail,83E
121,Contentieux civils et sociaux,Siège Non Spécialisé,1. Social,1.1. Contentieux du travail,83F
122,Contentieux civils et sociaux,Siège Non Spécialisé,1. Social,1.1. Contentieux du travail,83G
123,Contentieux civils et sociaux,Siège Non Spécialisé,1. Social,1.1. Contentieux du travail,83H
124,Contentieux civils et sociaux,Siège Non Spécialisé,1. Social,1.1. Contentieux du travail,83I
125,Contentieux civils et sociaux,Siège Non Spécialisé,1. Social,1.1. Contentieux du travail,84A
126,Contentieux civils et sociaux,Siège Non Spécialisé,1. Social,1.1. Contentieux du travail,84B
127,Contentieux civils et sociaux,Siège Non Spécialisé,1. Social,1.1. Contentieux du travail,84C
128,Contentieux civils et sociaux,Siège Non Spécialisé,1. Social,1.1. Contentieux du travail,84D
129,Contentieux civils et sociaux,Siège Non Spécialisé,1. Social,1.1. Contentieux du travail,84E
130,Contentieux civils et sociaux,Siège Non Spécialisé,1. Social,1.1. Contentieux du travail,84F
131,Contentieux civils et sociaux,Siège Non Spécialisé,1. Social,1.1. Contentieux du travail,84G
132,Contentieux civils et sociaux,Siège Non Spécialisé,1. Social,1.1. Contentieux du travail,84H
133,Contentieux civils et sociaux,Siège Non Spécialisé,1. Social,1.1. Contentieux du travail,84I
134,Contentieux civils et sociaux,Siège Non Spécialisé,1. Social,1.1. Contentieux du travail,84J
135,Contentieux civils et sociaux,Siège Non Spécialisé,1. Social,1.1. Contentieux du travail,84K
136,Contentieux civils et sociaux,Siège Non Spécialisé,1. Social,1.1. Contentieux du travail,84L
137,Contentieux civils et sociaux,Siège Non Spécialisé,1. Social,1.1. Contentieux du travail,84M
138,Contentieux civils et sociaux,Siège Non Spécialisé,1. Social,1.1. Contentieux du travail,84N
139,Contentieux civils et sociaux,Siège Non Spécialisé,1. Social,1.1. Contentieux du travail,85A
140,Contentieux civils et sociaux,Siège Non Spécialisé,1. Social,1.1. Contentieux du travail,85B
141,Contentieux civils et sociaux,Siège Non Spécialisé,1. Social,1.1. Contentieux du travail,85C
142,Contentieux civils et sociaux,Siège Non Spécialisé,1. Social,1.1. Contentieux du travail,85D
143,Contentieux civils et sociaux,Siège Non Spécialisé,1. Social,1.1. Contentieux du travail,86A
144,Contentieux civils et sociaux,Siège Non Spécialisé,1. Social,1.1. Contentieux du travail,86B
145,Contentieux civils et sociaux,Siège Non Spécialisé,1. Social,1.1. Contentieux du travail,86C
146,Contentieux civils et sociaux,Siège Non Spécialisé,1. Social,1.1. Contentieux du travail,86D
147,Contentieux civils et sociaux,Siège Non Spécialisé,1. Social,1.1. Contentieux du travail,86E
148,Contentieux civils et sociaux,Siège Non Spécialisé,1. Social,1.1. Contentieux du travail,86F
149,Contentieux civils et sociaux,Siège Non Spécialisé,1. Social,1.1. Contentieux du travail,86G
150,Contentieux civils et sociaux,Siège Non Spécialisé,1. Social,1.1. Contentieux du travail,87A
151,Contentieux civils et sociaux,Siège Non Spécialisé,1. Social,1.1. Contentieux du travail,87B
152,Contentieux civils et sociaux,Siège Non Spécialisé,1. Social,1.1. Contentieux du travail,87C
153,Contentieux civils et sociaux,Siège Non Spécialisé,1. Social,1.1. Contentieux du travail,87D
154,Contentieux civils et sociaux,Siège Non Spécialisé,1. Social,1.1. Contentieux du travail,87E
155,Contentieux civils et sociaux,Siège Non Spécialisé,1. Social,1.1. Contentieux du travail,87F
156,Contentieux civils et sociaux,Siège Non Spécialisé,1. Social,1.1. Contentieux du travail,87X
157,Contentieux civils et sociaux,Siège Non Spécialisé,1. Social,1.2. Contentieux de la protection sociale,88A
158,Contentieux civils et sociaux,Siège Non Spécialisé,1. Social,1.2. Contentieux de la protection sociale,88B
159,Contentieux civils et sociaux,Siège Non Spécialisé,1. Social,1.2. Contentieux de la protection sociale,88C
160,Contentieux civils et sociaux,Siège Non Spécialisé,1. Social,1.2. Contentieux de la protection sociale,88D
161,Contentieux civils et sociaux,Siège Non Spécialisé,1. Social,1.2. Contentieux de la protection sociale,88E
162,Contentieux civils et sociaux,Siège Non Spécialisé,1. Social,1.2. Contentieux de la protection sociale,88F
163,Contentieux civils et sociaux,Siège Non Spécialisé,1. Social,1.2. Contentieux de la protection sociale,88G
164,Contentieux civils et sociaux,Siège Non Spécialisé,1. Social,1.2. Contentieux de la protection sociale,88H
165,Contentieux civils et sociaux,Siège Non Spécialisé,1. Social,1.2. Contentieux de la protection sociale,88I
166,Contentieux civils et sociaux,Siège Non Spécialisé,1. Social,1.2. Contentieux de la protection sociale,88J
167,Contentieux civils et sociaux,Siège Non Spécialisé,1. Social,1.2. Contentieux de la protection sociale,88K
168,Contentieux civils et sociaux,Siège Non Spécialisé,1. Social,1.2. Contentieux de la protection sociale,88L
169,Contentieux civils et sociaux,Siège Non Spécialisé,1. Social,1.2. Contentieux de la protection sociale,88M
170,Contentieux civils et sociaux,Siège Non Spécialisé,1. Social,1.2. Contentieux de la protection sociale,88N
171,Contentieux civils et sociaux,Siège Non Spécialisé,1. Social,1.2. Contentieux de la protection sociale,88O
172,Contentieux civils et sociaux,Siège Non Spécialisé,1. Social,1.2. Contentieux de la protection sociale,88P
173,Contentieux civils et sociaux,Siège Non Spécialisé,1. Social,1.2. Contentieux de la protection sociale,88Q
174,Contentieux civils et sociaux,Siège Non Spécialisé,1. Social,1.2. Contentieux de la protection sociale,88R
175,Contentieux civils et sociaux,Siège Non Spécialisé,1. Social,1.2. Contentieux de la protection sociale,88S
176,Contentieux civils et sociaux,Siège Non Spécialisé,1. Social,1.2. Contentieux de la protection sociale,88T
177,Contentieux civils et sociaux,Siège Non Spécialisé,1. Social,1.2. Contentieux de la protection sociale,88U
178,Contentieux civils et sociaux,Siège Non Spécialisé,1. Social,1.2. Contentieux de la protection sociale,88V
179,Contentieux civils et sociaux,Siège Non Spécialisé,1. Social,1.2. Contentieux de la protection sociale,88W
180,Contentieux civils et sociaux,Siège Non Spécialisé,1. Social,1.2. Contentieux de la protection sociale,88Y
181,Contentieux civils et sociaux,Siège Non Spécialisé,1. Social,1.2. Contentieux de la protection sociale,89A
182,Contentieux civils et sociaux,Siège Non Spécialisé,1. Social,1.2. Contentieux de la protection sociale,89B
183,Contentieux civils et sociaux,Siège Non Spécialisé,1. Social,1.2. Contentieux de la protection sociale,89C
184,Contentieux civils et sociaux,Siège Non Spécialisé,1. Social,1.2. Contentieux de la protection sociale,89D
185,Contentieux civils et sociaux,Siège Non Spécialisé,1. Social,1.2. Contentieux de la protection sociale,89E
186,Contentieux civils et sociaux,Siège Non Spécialisé,1. Social,1.2. Contentieux de la protection sociale,89F
187,Contentieux civils et sociaux,Siège Non Spécialisé,1. Social,1.2. Contentieux de la protection sociale,89G
188,Contentieux civils et sociaux,Siège Non Spécialisé,1. Social,1.2. Contentieux de la protection sociale,89H
189,Contentieux civils et sociaux,Siège Non Spécialisé,1. Social,1.2. Contentieux de la protection sociale,89I
190,Contentieux civils et sociaux,Siège Non Spécialisé,1. Social,1.2. Contentieux de la protection sociale,89J
191,Contentieux civils et sociaux,Siège Non Spécialisé,1. Social,1.2. Contentieux de la protection sociale,89K
192,Contentieux civils et sociaux,Siège Non Spécialisé,1. Social,1.2. Contentieux de la protection sociale,89L
193,Contentieux civils et sociaux,Siège Non Spécialisé,1. Social,1.2. Contentieux de la protection sociale,89M
194,Contentieux civils et sociaux,Siège Non Spécialisé,1. Social,1.2. Contentieux de la protection sociale,89N
195,Contentieux civils et sociaux,Siège Non Spécialisé,1. Social,1.2. Contentieux de la protection sociale,89O
196,Contentieux civils et sociaux,Siège Non Spécialisé,1. Social,1.2. Contentieux de la protection sociale,89P
197,Contentieux civils et sociaux,Siège Non Spécialisé,1. Social,1.2. Contentieux de la protection sociale,89Q
198,Contentieux civils et sociaux,Siège Non Spécialisé,1. Social,1.2. Contentieux de la protection sociale,89R
199,Contentieux civils et sociaux,Siège Non Spécialisé,1. Social,1.2. Contentieux de la protection sociale,89Z
203,Contentieux civils et sociaux,Siège Non Spécialisé,4. Civil NS,4.1. Droit des personnes,10A
204,Contentieux civils et sociaux,Siège Non Spécialisé,4. Civil NS,4.1. Droit des personnes,10B
205,Contentieux civils et sociaux,Siège Non Spécialisé,4. Civil NS,4.1. Droit des personnes,10C
206,Contentieux civils et sociaux,Siège Non Spécialisé,4. Civil NS,4.1. Droit des personnes,10Z
207,Contentieux civils et sociaux,Siège Non Spécialisé,4. Civil NS,4.1. Droit des personnes,14A
208,Contentieux civils et sociaux,Siège Non Spécialisé,4. Civil NS,4.1. Droit des personnes,14B
209,Contentieux civils et sociaux,Siège Non Spécialisé,4. Civil NS,4.1. Droit des personnes,14D
210,Contentieux civils et sociaux,Siège Non Spécialisé,4. Civil NS,4.1. Droit des personnes,14E
211,Contentieux civils et sociaux,Siège Non Spécialisé,4. Civil NS,4.1. Droit des personnes,14X
212,Contentieux civils et sociaux,Siège Non Spécialisé,4. Civil NS,4.2. Droit de la famille,23A
213,Contentieux civils et sociaux,Siège Non Spécialisé,4. Civil NS,4.2. Droit de la famille,23B
214,Contentieux civils et sociaux,Siège Non Spécialisé,4. Civil NS,4.2. Droit de la famille,23I
215,Contentieux civils et sociaux,Siège Non Spécialisé,4. Civil NS,4.2. Droit de la famille,23J
216,Contentieux civils et sociaux,Siège Non Spécialisé,4. Civil NS,4.2. Droit de la famille,23K
238,Contentieux civils et sociaux,Siège Non Spécialisé,4. Civil NS,4.2. Droit de la famille,28A
239,Contentieux civils et sociaux,Siège Non Spécialisé,4. Civil NS,4.2. Droit de la famille,28B
240,Contentieux civils et sociaux,Siège Non Spécialisé,4. Civil NS,4.2. Droit de la famille,28C
241,Contentieux civils et sociaux,Siège Non Spécialisé,4. Civil NS,4.2. Droit de la famille,28D
242,Contentieux civils et sociaux,Siège Non Spécialisé,4. Civil NS,4.2. Droit de la famille,28E
243,Contentieux civils et sociaux,Siège Non Spécialisé,4. Civil NS,4.2. Droit de la famille,28F
244,Contentieux civils et sociaux,Siège Non Spécialisé,4. Civil NS,4.2. Droit de la famille,28H
245,Contentieux civils et sociaux,Siège Non Spécialisé,4. Civil NS,4.2. Droit de la famille,28I
246,Contentieux civils et sociaux,Siège Non Spécialisé,4. Civil NS,4.2. Droit de la famille,28Z
247,Contentieux civils et sociaux,Siège Non Spécialisé,4. Civil NS,4.2. Droit de la famille,29A
248,Contentieux civils et sociaux,Siège Non Spécialisé,4. Civil NS,4.2. Droit de la famille,29B
249,Contentieux civils et sociaux,Siège Non Spécialisé,4. Civil NS,4.2. Droit de la famille,29C
250,Contentieux civils et sociaux,Siège Non Spécialisé,4. Civil NS,4.2. Droit de la famille,29D
251,Contentieux civils et sociaux,Siège Non Spécialisé,4. Civil NS,4.2. Droit de la famille,29E
252,Contentieux civils et sociaux,Siège Non Spécialisé,4. Civil NS,4.2. Droit de la famille,29F
253,Contentieux civils et sociaux,Siège Non Spécialisé,4. Civil NS,4.2. Droit de la famille,29Z
254,Contentieux civils et sociaux,Siège Non Spécialisé,4. Civil NS,4.3. Contrats,50A
255,Contentieux civils et sociaux,Siège Non Spécialisé,4. Civil NS,4.3. Contrats,50B
256,Contentieux civils et sociaux,Siège Non Spécialisé,4. Civil NS,4.3. Contrats,50C
257,Contentieux civils et sociaux,Siège Non Spécialisé,4. Civil NS,4.3. Contrats,50D
258,Contentieux civils et sociaux,Siège Non Spécialisé,4. Civil NS,4.3. Contrats,50E
259,Contentieux civils et sociaux,Siège Non Spécialisé,4. Civil NS,4.3. Contrats,50F
260,Contentieux civils et sociaux,Siège Non Spécialisé,4. Civil NS,4.3. Contrats,50G
261,Contentieux civils et sociaux,Siège Non Spécialisé,4. Civil NS,4.3. Contrats,50Z
262,Contentieux civils et sociaux,Siège Non Spécialisé,4. Civil NS,4.3. Contrats,55A
263,Contentieux civils et sociaux,Siège Non Spécialisé,4. Civil NS,4.3. Contrats,55B
264,Contentieux civils et sociaux,Siège Non Spécialisé,4. Civil NS,4.3. Contrats,55Z
265,Contentieux civils et sociaux,Siège Non Spécialisé,4. Civil NS,4.3. Contrats,56A
266,Contentieux civils et sociaux,Siège Non Spécialisé,4. Civil NS,4.3. Contrats,56B
267,Contentieux civils et sociaux,Siège Non Spécialisé,4. Civil NS,4.3. Contrats,56C
268,Contentieux civils et sociaux,Siège Non Spécialisé,4. Civil NS,4.3. Contrats,56D
269,Contentieux civils et sociaux,Siège Non Spécialisé,4. Civil NS,4.3. Contrats,56E
270,Contentieux civils et sociaux,Siège Non Spécialisé,4. Civil NS,4.3. Contrats,56F
271,Contentieux civils et sociaux,Siège Non Spécialisé,4. Civil NS,4.3. Contrats,56Z
272,Contentieux civils et sociaux,Siège Non Spécialisé,4. Civil NS,4.3. Contrats,57A
273,Contentieux civils et sociaux,Siège Non Spécialisé,4. Civil NS,4.3. Contrats,57B
274,Contentieux civils et sociaux,Siège Non Spécialisé,4. Civil NS,4.3. Contrats,57X
275,Contentieux civils et sociaux,Siège Non Spécialisé,4. Civil NS,4.3. Contrats,58A
276,Contentieux civils et sociaux,Siège Non Spécialisé,4. Civil NS,4.3. Contrats,58B
277,Contentieux civils et sociaux,Siège Non Spécialisé,4. Civil NS,4.3. Contrats,58C
278,Contentieux civils et sociaux,Siège Non Spécialisé,4. Civil NS,4.3. Contrats,58D
279,Contentieux civils et sociaux,Siège Non Spécialisé,4. Civil NS,4.3. Contrats,58E
280,Contentieux civils et sociaux,Siège Non Spécialisé,4. Civil NS,4.3. Contrats,58F
281,Contentieux civils et sociaux,Siège Non Spécialisé,4. Civil NS,4.3. Contrats,58G
282,Contentieux civils et sociaux,Siège Non Spécialisé,4. Civil NS,4.3. Contrats,58H
283,Contentieux civils et sociaux,Siège Non Spécialisé,4. Civil NS,4.3. Contrats,58Z
284,Contentieux civils et sociaux,Siège Non Spécialisé,4. Civil NS,4.3. Contrats,59A
285,Contentieux civils et sociaux,Siège Non Spécialisé,4. Civil NS,4.3. Contrats,59B
286,Contentieux civils et sociaux,Siège Non Spécialisé,4. Civil NS,4.3. Contrats,59C
287,Contentieux civils et sociaux,Siège Non Spécialisé,4. Civil NS,4.3. Contrats,59D
288,Contentieux civils et sociaux,Siège Non Spécialisé,4. Civil NS,4.3. Contrats,59E
289,Contentieux civils et sociaux,Siège Non Spécialisé,4. Civil NS,4.3. Contrats,59F
290,Contentieux civils et sociaux,Siège Non Spécialisé,4. Civil NS,4.3. Contrats,59G
291,Contentieux civils et sociaux,Siège Non Spécialisé,4. Civil NS,4.3. Contrats,59H
292,Contentieux civils et sociaux,Siège Non Spécialisé,4. Civil NS,4.3. Contrats,59X
293,Contentieux civils et sociaux,Siège Non Spécialisé,4. Civil NS,4.4. Responsabilité et quasi-contrats,60A
294,Contentieux civils et sociaux,Siège Non Spécialisé,4. Civil NS,4.4. Responsabilité et quasi-contrats,60B
295,Contentieux civils et sociaux,Siège Non Spécialisé,4. Civil NS,4.4. Responsabilité et quasi-contrats,60C
296,Contentieux civils et sociaux,Siège Non Spécialisé,4. Civil NS,4.4. Responsabilité et quasi-contrats,61A
297,Contentieux civils et sociaux,Siège Non Spécialisé,4. Civil NS,4.4. Responsabilité et quasi-contrats,61B
298,Contentieux civils et sociaux,Siège Non Spécialisé,4. Civil NS,4.4. Responsabilité et quasi-contrats,62A
299,Contentieux civils et sociaux,Siège Non Spécialisé,4. Civil NS,4.4. Responsabilité et quasi-contrats,62B
300,Contentieux civils et sociaux,Siège Non Spécialisé,4. Civil NS,4.4. Responsabilité et quasi-contrats,62X
301,Contentieux civils et sociaux,Siège Non Spécialisé,4. Civil NS,4.4. Responsabilité et quasi-contrats,63A
302,Contentieux civils et sociaux,Siège Non Spécialisé,4. Civil NS,4.4. Responsabilité et quasi-contrats,63B
303,Contentieux civils et sociaux,Siège Non Spécialisé,4. Civil NS,4.4. Responsabilité et quasi-contrats,63C
304,Contentieux civils et sociaux,Siège Non Spécialisé,4. Civil NS,4.4. Responsabilité et quasi-contrats,63D
305,Contentieux civils et sociaux,Siège Non Spécialisé,4. Civil NS,4.4. Responsabilité et quasi-contrats,64A
306,Contentieux civils et sociaux,Siège Non Spécialisé,4. Civil NS,4.4. Responsabilité et quasi-contrats,64B
307,Contentieux civils et sociaux,Siège Non Spécialisé,4. Civil NS,4.4. Responsabilité et quasi-contrats,64C
308,Contentieux civils et sociaux,Siège Non Spécialisé,4. Civil NS,4.4. Responsabilité et quasi-contrats,64D
309,Contentieux civils et sociaux,Siège Non Spécialisé,4. Civil NS,4.4. Responsabilité et quasi-contrats,64E
310,Contentieux civils et sociaux,Siège Non Spécialisé,4. Civil NS,4.4. Responsabilité et quasi-contrats,64F
311,Contentieux civils et sociaux,Siège Non Spécialisé,4. Civil NS,4.4. Responsabilité et quasi-contrats,64G
312,Contentieux civils et sociaux,Siège Non Spécialisé,4. Civil NS,4.4. Responsabilité et quasi-contrats,65A
313,Contentieux civils et sociaux,Siège Non Spécialisé,4. Civil NS,4.4. Responsabilité et quasi-contrats,65B
314,Contentieux civils et sociaux,Siège Non Spécialisé,4. Civil NS,4.4. Responsabilité et quasi-contrats,65C
315,Contentieux civils et sociaux,Siège Non Spécialisé,4. Civil NS,4.4. Responsabilité et quasi-contrats,66A
316,Contentieux civils et sociaux,Siège Non Spécialisé,4. Civil NS,4.4. Responsabilité et quasi-contrats,66B
317,Contentieux civils et sociaux,Siège Non Spécialisé,4. Civil NS,4.4. Responsabilité et quasi-contrats,66C
318,Contentieux civils et sociaux,Siège Non Spécialisé,4. Civil NS,4.5. Droit des biens,70A
319,Contentieux civils et sociaux,Siège Non Spécialisé,4. Civil NS,4.5. Droit des biens,70B
320,Contentieux civils et sociaux,Siège Non Spécialisé,4. Civil NS,4.5. Droit des biens,70C
321,Contentieux civils et sociaux,Siège Non Spécialisé,4. Civil NS,4.5. Droit des biens,70D
322,Contentieux civils et sociaux,Siège Non Spécialisé,4. Civil NS,4.5. Droit des biens,70E
323,Contentieux civils et sociaux,Siège Non Spécialisé,4. Civil NS,4.5. Droit des biens,70F
324,Contentieux civils et sociaux,Siège Non Spécialisé,4. Civil NS,4.5. Droit des biens,70G
325,Contentieux civils et sociaux,Siège Non Spécialisé,4. Civil NS,4.5. Droit des biens,70H
326,Contentieux civils et sociaux,Siège Non Spécialisé,4. Civil NS,4.5. Droit des biens,70I
327,Contentieux civils et sociaux,Siège Non Spécialisé,4. Civil NS,4.5. Droit des biens,70J
328,Contentieux civils et sociaux,Siège Non Spécialisé,4. Civil NS,4.5. Droit des biens,70K
329,Contentieux civils et sociaux,Siège Non Spécialisé,4. Civil NS,4.5. Droit des biens,70Z
330,Contentieux civils et sociaux,Siège Non Spécialisé,4. Civil NS,4.5. Droit des biens,71A
331,Contentieux civils et sociaux,Siège Non Spécialisé,4. Civil NS,4.5. Droit des biens,71B
332,Contentieux civils et sociaux,Siège Non Spécialisé,4. Civil NS,4.5. Droit des biens,71C
333,Contentieux civils et sociaux,Siège Non Spécialisé,4. Civil NS,4.5. Droit des biens,71D
334,Contentieux civils et sociaux,Siège Non Spécialisé,4. Civil NS,4.5. Droit des biens,71E
335,Contentieux civils et sociaux,Siège Non Spécialisé,4. Civil NS,4.5. Droit des biens,71F
336,Contentieux civils et sociaux,Siège Non Spécialisé,4. Civil NS,4.5. Droit des biens,71G
337,Contentieux civils et sociaux,Siège Non Spécialisé,4. Civil NS,4.5. Droit des biens,71H
338,Contentieux civils et sociaux,Siège Non Spécialisé,4. Civil NS,4.5. Droit des biens,71I
339,Contentieux civils et sociaux,Siège Non Spécialisé,4. Civil NS,4.5. Droit des biens,71J
340,Contentieux civils et sociaux,Siège Non Spécialisé,4. Civil NS,4.5. Droit des biens,71K
341,Contentieux civils et sociaux,Siège Non Spécialisé,4. Civil NS,4.5. Droit des biens,71L
342,Contentieux civils et sociaux,Siège Non Spécialisé,4. Civil NS,4.5. Droit des biens,71M
343,Contentieux civils et sociaux,Siège Non Spécialisé,4. Civil NS,4.5. Droit des biens,71N
344,Contentieux civils et sociaux,Siège Non Spécialisé,4. Civil NS,4.5. Droit des biens,72A
345,Contentieux civils et sociaux,Siège Non Spécialisé,4. Civil NS,4.5. Droit des biens,72B
346,Contentieux civils et sociaux,Siège Non Spécialisé,4. Civil NS,4.5. Droit des biens,72C
347,Contentieux civils et sociaux,Siège Non Spécialisé,4. Civil NS,4.5. Droit des biens,72D
348,Contentieux civils et sociaux,Siège Non Spécialisé,4. Civil NS,4.5. Droit des biens,72E
349,Contentieux civils et sociaux,Siège Non Spécialisé,4. Civil NS,4.5. Droit des biens,72F
350,Contentieux civils et sociaux,Siège Non Spécialisé,4. Civil NS,4.5. Droit des biens,72G
351,Contentieux civils et sociaux,Siège Non Spécialisé,4. Civil NS,4.5. Droit des biens,72H
352,Contentieux civils et sociaux,Siège Non Spécialisé,4. Civil NS,4.5. Droit des biens,72I
353,Contentieux civils et sociaux,Siège Non Spécialisé,4. Civil NS,4.5. Droit des biens,72J
354,Contentieux civils et sociaux,Siège Non Spécialisé,4. Civil NS,4.5. Droit des biens,72Z
355,Contentieux civils et sociaux,Siège Non Spécialisé,4. Civil NS,4.5. Droit des biens,73A
356,Contentieux civils et sociaux,Siège Non Spécialisé,4. Civil NS,4.5. Droit des biens,73B
357,Contentieux civils et sociaux,Siège Non Spécialisé,4. Civil NS,4.5. Droit des biens,73X
358,Contentieux civils et sociaux,Siège Non Spécialisé,4. Civil NS,4.5. Droit des biens,73Z
359,Contentieux civils et sociaux,Siège Non Spécialisé,4. Civil NS,4.5. Droit des biens,74A
360,Contentieux civils et sociaux,Siège Non Spécialisé,4. Civil NS,4.5. Droit des biens,74B
361,Contentieux civils et sociaux,Siège Non Spécialisé,4. Civil NS,4.5. Droit des biens,74C
362,Contentieux civils et sociaux,Siège Non Spécialisé,4. Civil NS,4.5. Droit des biens,74D
363,Contentieux civils et sociaux,Siège Non Spécialisé,4. Civil NS,4.5. Droit des biens,74E
364,Contentieux civils et sociaux,Siège Non Spécialisé,4. Civil NS,4.5. Droit des biens,74F
365,Contentieux civils et sociaux,Siège Non Spécialisé,4. Civil NS,4.5. Droit des biens,74Z
366,Contentieux civils et sociaux,Siège Non Spécialisé,4. Civil NS,4.5. Droit des biens,75A
367,Contentieux civils et sociaux,Siège Non Spécialisé,4. Civil NS,4.5. Droit des biens,75B
368,Contentieux civils et sociaux,Siège Non Spécialisé,4. Civil NS,4.5. Droit des biens,75D
369,Contentieux civils et sociaux,Siège Non Spécialisé,4. Civil NS,4.5. Droit des biens,75E
370,Contentieux civils et sociaux,Siège Non Spécialisé,4. Civil NS,4.6. Construction,54A
371,Contentieux civils et sociaux,Siège Non Spécialisé,4. Civil NS,4.6. Construction,54B
372,Contentieux civils et sociaux,Siège Non Spécialisé,4. Civil NS,4.6. Construction,54C
373,Contentieux civils et sociaux,Siège Non Spécialisé,4. Civil NS,4.6. Construction,54D
374,Contentieux civils et sociaux,Siège Non Spécialisé,4. Civil NS,4.6. Construction,54E
375,Contentieux civils et sociaux,Siège Non Spécialisé,4. Civil NS,4.6. Construction,54F
376,Contentieux civils et sociaux,Siège Non Spécialisé,4. Civil NS,4.6. Construction,54G
377,Contentieux civils et sociaux,Siège Non Spécialisé,4. Civil NS,4.6. Construction,54Z
378,Contentieux civils et sociaux,Siège Non Spécialisé,4. Civil NS,4.7. Exécution,24H
379,Contentieux civils et sociaux,Siège Non Spécialisé,4. Civil NS,4.7. Exécution,78A
380,Contentieux civils et sociaux,Siège Non Spécialisé,4. Civil NS,4.7. Exécution,78B
381,Contentieux civils et sociaux,Siège Non Spécialisé,4. Civil NS,4.7. Exécution,78E
382,Contentieux civils et sociaux,Siège Non Spécialisé,4. Civil NS,4.7. Exécution,76A
383,Contentieux civils et sociaux,Siège Non Spécialisé,4. Civil NS,4.7. Exécution,76B
384,Contentieux civils et sociaux,Siège Non Spécialisé,4. Civil NS,4.7. Exécution,76D
385,Contentieux civils et sociaux,Siège Non Spécialisé,4. Civil NS,4.7. Exécution,76E
386,Contentieux civils et sociaux,Siège Non Spécialisé,4. Civil NS,4.7. Exécution,76F
387,Contentieux civils et sociaux,Siège Non Spécialisé,4. Civil NS,4.7. Exécution,76H
388,Contentieux civils et sociaux,Siège Non Spécialisé,4. Civil NS,4.7. Exécution,76X
389,Contentieux civils et sociaux,Siège Non Spécialisé,4. Civil NS,4.7. Exécution,77A
390,Contentieux civils et sociaux,Siège Non Spécialisé,4. Civil NS,4.7. Exécution,77B
391,Contentieux civils et sociaux,Siège Non Spécialisé,4. Civil NS,4.7. Exécution,78F
392,Contentieux civils et sociaux,Siège Non Spécialisé,4. Civil NS,4.7. Exécution,78G
393,Contentieux civils et sociaux,Siège Non Spécialisé,4. Civil NS,4.7. Exécution,78H
394,Contentieux civils et sociaux,Siège Non Spécialisé,4. Civil NS,4.7. Exécution,78I
395,Contentieux civils et sociaux,Siège Non Spécialisé,4. Civil NS,4.7. Exécution,78J
396,Contentieux civils et sociaux,Siège Non Spécialisé,4. Civil NS,4.7. Exécution,78K
397,Contentieux civils et sociaux,Siège Non Spécialisé,4. Civil NS,4.7. Exécution,78M
398,Contentieux civils et sociaux,Siège Non Spécialisé,4. Civil NS,4.7. Exécution,78N
399,Contentieux civils et sociaux,Siège Non Spécialisé,4. Civil NS,4.7. Exécution,78O
400,Contentieux civils et sociaux,Siège Non Spécialisé,4. Civil NS,4.7. Exécution,78P
401,Contentieux civils et sociaux,Siège Non Spécialisé,4. Civil NS,4.7. Exécution,78Q
402,Contentieux civils et sociaux,Siège Non Spécialisé,4. Civil NS,4.7. Exécution,78R
403,Contentieux civils et sociaux,Siège Non Spécialisé,4. Civil NS,4.7. Exécution,78S
404,Contentieux civils et sociaux,Siège Non Spécialisé,4. Civil NS,4.7. Exécution,78T
405,Contentieux civils et sociaux,Siège Non Spécialisé,4. Civil NS,4.7. Exécution,78X
406,Contentieux civils et sociaux,Siège Non Spécialisé,4. Civil NS,4.8. Droit des affaires,30A
407,Contentieux civils et sociaux,Siège Non Spécialisé,4. Civil NS,4.8. Droit des affaires,30B
408,Contentieux civils et sociaux,Siège Non Spécialisé,4. Civil NS,4.8. Droit des affaires,30C
409,Contentieux civils et sociaux,Siège Non Spécialisé,4. Civil NS,4.8. Droit des affaires,30D
410,Contentieux civils et sociaux,Siège Non Spécialisé,4. Civil NS,4.8. Droit des affaires,30E
411,Contentieux civils et sociaux,Siège Non Spécialisé,4. Civil NS,4.8. Droit des affaires,30F
412,Contentieux civils et sociaux,Siège Non Spécialisé,4. Civil NS,4.8. Droit des affaires,30G
413,Contentieux civils et sociaux,Siège Non Spécialisé,4. Civil NS,4.8. Droit des affaires,30H
414,Contentieux civils et sociaux,Siège Non Spécialisé,4. Civil NS,4.8. Droit des affaires,30Z
415,Contentieux civils et sociaux,Siège Non Spécialisé,4. Civil NS,4.8. Droit des affaires,31A
416,Contentieux civils et sociaux,Siège Non Spécialisé,4. Civil NS,4.8. Droit des affaires,31B
417,Contentieux civils et sociaux,Siège Non Spécialisé,4. Civil NS,4.8. Droit des affaires,31C
418,Contentieux civils et sociaux,Siège Non Spécialisé,4. Civil NS,4.8. Droit des affaires,31D
419,Contentieux civils et sociaux,Siège Non Spécialisé,4. Civil NS,4.8. Droit des affaires,31E
420,Contentieux civils et sociaux,Siège Non Spécialisé,4. Civil NS,4.8. Droit des affaires,31F
421,Contentieux civils et sociaux,Siège Non Spécialisé,4. Civil NS,4.8. Droit des affaires,31G
422,Contentieux civils et sociaux,Siège Non Spécialisé,4. Civil NS,4.8. Droit des affaires,31H
423,Contentieux civils et sociaux,Siège Non Spécialisé,4. Civil NS,4.8. Droit des affaires,31Z
424,Contentieux civils et sociaux,Siège Non Spécialisé,4. Civil NS,4.8. Droit des affaires,32A
425,Contentieux civils et sociaux,Siège Non Spécialisé,4. Civil NS,4.8. Droit des affaires,32B
426,Contentieux civils et sociaux,Siège Non Spécialisé,4. Civil NS,4.8. Droit des affaires,32C
427,Contentieux civils et sociaux,Siège Non Spécialisé,4. Civil NS,4.8. Droit des affaires,32D
428,Contentieux civils et sociaux,Siège Non Spécialisé,4. Civil NS,4.8. Droit des affaires,32E
429,Contentieux civils et sociaux,Siège Non Spécialisé,4. Civil NS,4.8. Droit des affaires,32F
430,Contentieux civils et sociaux,Siège Non Spécialisé,4. Civil NS,4.8. Droit des affaires,32Z
431,Contentieux civils et sociaux,Siège Non Spécialisé,4. Civil NS,4.8. Droit des affaires,33A
432,Contentieux civils et sociaux,Siège Non Spécialisé,4. Civil NS,4.8. Droit des affaires,33B
433,Contentieux civils et sociaux,Siège Non Spécialisé,4. Civil NS,4.8. Droit des affaires,33C
434,Contentieux civils et sociaux,Siège Non Spécialisé,4. Civil NS,4.8. Droit des affaires,33D
435,Contentieux civils et sociaux,Siège Non Spécialisé,4. Civil NS,4.8. Droit des affaires,33E
436,Contentieux civils et sociaux,Siège Non Spécialisé,4. Civil NS,4.8. Droit des affaires,33F
437,Contentieux civils et sociaux,Siège Non Spécialisé,4. Civil NS,4.8. Droit des affaires,33G
438,Contentieux civils et sociaux,Siège Non Spécialisé,4. Civil NS,4.8. Droit des affaires,33H
439,Contentieux civils et sociaux,Siège Non Spécialisé,4. Civil NS,4.8. Droit des affaires,33X
440,Contentieux civils et sociaux,Siège Non Spécialisé,4. Civil NS,4.8. Droit des affaires,33Z
441,Contentieux civils et sociaux,Siège Non Spécialisé,4. Civil NS,4.8. Droit des affaires,34A
442,Contentieux civils et sociaux,Siège Non Spécialisé,4. Civil NS,4.8. Droit des affaires,34B
443,Contentieux civils et sociaux,Siège Non Spécialisé,4. Civil NS,4.8. Droit des affaires,34C
444,Contentieux civils et sociaux,Siège Non Spécialisé,4. Civil NS,4.8. Droit des affaires,34D
445,Contentieux civils et sociaux,Siège Non Spécialisé,4. Civil NS,4.8. Droit des affaires,34E
446,Contentieux civils et sociaux,Siège Non Spécialisé,4. Civil NS,4.8. Droit des affaires,34F
447,Contentieux civils et sociaux,Siège Non Spécialisé,4. Civil NS,4.8. Droit des affaires,34G
448,Contentieux civils et sociaux,Siège Non Spécialisé,4. Civil NS,4.8. Droit des affaires,34H
449,Contentieux civils et sociaux,Siège Non Spécialisé,4. Civil NS,4.8. Droit des affaires,35A
450,Contentieux civils et sociaux,Siège Non Spécialisé,4. Civil NS,4.8. Droit des affaires,35B
451,Contentieux civils et sociaux,Siège Non Spécialisé,4. Civil NS,4.8. Droit des affaires,35C
452,Contentieux civils et sociaux,Siège Non Spécialisé,4. Civil NS,4.8. Droit des affaires,35D
453,Contentieux civils et sociaux,Siège Non Spécialisé,4. Civil NS,4.8. Droit des affaires,35F
454,Contentieux civils et sociaux,Siège Non Spécialisé,4. Civil NS,4.8. Droit des affaires,35G
455,Contentieux civils et sociaux,Siège Non Spécialisé,4. Civil NS,4.8. Droit des affaires,35H
456,Contentieux civils et sociaux,Siège Non Spécialisé,4. Civil NS,4.8. Droit des affaires,35X
457,Contentieux civils et sociaux,Siège Non Spécialisé,4. Civil NS,4.8. Droit des affaires,36A
458,Contentieux civils et sociaux,Siège Non Spécialisé,4. Civil NS,4.8. Droit des affaires,36B
459,Contentieux civils et sociaux,Siège Non Spécialisé,4. Civil NS,4.8. Droit des affaires,36C
460,Contentieux civils et sociaux,Siège Non Spécialisé,4. Civil NS,4.8. Droit des affaires,36D
461,Contentieux civils et sociaux,Siège Non Spécialisé,4. Civil NS,4.8. Droit des affaires,36E
462,Contentieux civils et sociaux,Siège Non Spécialisé,4. Civil NS,4.8. Droit des affaires,36F
463,Contentieux civils et sociaux,Siège Non Spécialisé,4. Civil NS,4.8. Droit des affaires,36X
464,Contentieux civils et sociaux,Siège Non Spécialisé,4. Civil NS,4.8. Droit des affaires,36Z
465,Contentieux civils et sociaux,Siège Non Spécialisé,4. Civil NS,4.8. Droit des affaires,38A
466,Contentieux civils et sociaux,Siège Non Spécialisé,4. Civil NS,4.8. Droit des affaires,38B
467,Contentieux civils et sociaux,Siège Non Spécialisé,4. Civil NS,4.8. Droit des affaires,38C
468,Contentieux civils et sociaux,Siège Non Spécialisé,4. Civil NS,4.8. Droit des affaires,38D
469,Contentieux civils et sociaux,Siège Non Spécialisé,4. Civil NS,4.8. Droit des affaires,38E
470,Contentieux civils et sociaux,Siège Non Spécialisé,4. Civil NS,4.8. Droit des affaires,38F
471,Contentieux civils et sociaux,Siège Non Spécialisé,4. Civil NS,4.8. Droit des affaires,38G
472,Contentieux civils et sociaux,Siège Non Spécialisé,4. Civil NS,4.8. Droit des affaires,38Z
545,Contentieux civils et sociaux,Siège Non Spécialisé,4. Civil NS,4.10. Propriété industrielle,39A
546,Contentieux civils et sociaux,Siège Non Spécialisé,4. Civil NS,4.10. Propriété industrielle,39B
547,Contentieux civils et sociaux,Siège Non Spécialisé,4. Civil NS,4.10. Propriété industrielle,39C
548,Contentieux civils et sociaux,Siège Non Spécialisé,4. Civil NS,4.10. Propriété industrielle,39G
549,Contentieux civils et sociaux,Siège Non Spécialisé,4. Civil NS,4.10. Propriété industrielle,39H
550,Contentieux civils et sociaux,Siège Non Spécialisé,4. Civil NS,4.10. Propriété industrielle,39I
551,Contentieux civils et sociaux,Siège Non Spécialisé,4. Civil NS,4.10. Propriété industrielle,39J
552,Contentieux civils et sociaux,Siège Non Spécialisé,4. Civil NS,4.10. Propriété industrielle,39K
553,Contentieux civils et sociaux,Siège Non Spécialisé,4. Civil NS,4.10. Propriété industrielle,39L
554,Contentieux civils et sociaux,Siège Non Spécialisé,4. Civil NS,4.10. Propriété industrielle,39M
555,Contentieux civils et sociaux,Siège Non Spécialisé,4. Civil NS,4.10. Propriété industrielle,39X
556,Contentieux civils et sociaux,Siège Non Spécialisé,4. Civil NS,4.10. Propriété industrielle,39Z
590,Contentieux civils et sociaux,Siège Non Spécialisé,4. Civil NS,4.11. Propriété littéraire et artistique,79A
591,Contentieux civils et sociaux,Siège Non Spécialisé,4. Civil NS,4.11. Propriété littéraire et artistique,79B
592,Contentieux civils et sociaux,Siège Non Spécialisé,4. Civil NS,4.11. Propriété littéraire et artistique,79C
593,Contentieux civils et sociaux,Siège Non Spécialisé,4. Civil NS,4.11. Propriété littéraire et artistique,79D
594,Contentieux civils et sociaux,Siège Non Spécialisé,4. Civil NS,4.11. Propriété littéraire et artistique,79E
595,Contentieux civils et sociaux,Siège Non Spécialisé,4. Civil NS,4.11. Propriété littéraire et artistique,79F
596,Contentieux civils et sociaux,Siège Non Spécialisé,4. Civil NS,4.11. Propriété littéraire et artistique,79Z
597,Contentieux civils et sociaux,Siège Non Spécialisé,4. Civil NS,4.12. Suivi des expertises,70L
598,Contentieux civils et sociaux,Siège Non Spécialisé,4. Civil NS,4.12. Suivi des expertises,70M
599,Contentieux civils et sociaux,Siège Non Spécialisé,4. Civil NS,4.13. Affaires gracieuses,11A
600,Contentieux civils et sociaux,Siège Non Spécialisé,4. Civil NS,4.13. Affaires gracieuses,11B
601,Contentieux civils et sociaux,Siège Non Spécialisé,4. Civil NS,4.13. Affaires gracieuses,11C
602,Contentieux civils et sociaux,Siège Non Spécialisé,4. Civil NS,4.13. Affaires gracieuses,11D
603,Contentieux civils et sociaux,Siège Non Spécialisé,4. Civil NS,4.13. Affaires gracieuses,11E
604,Contentieux civils et sociaux,Siège Non Spécialisé,4. Civil NS,4.13. Affaires gracieuses,11F
605,Contentieux civils et sociaux,Siège Non Spécialisé,4. Civil NS,4.13. Affaires gracieuses,11G
606,Contentieux civils et sociaux,Siège Non Spécialisé,4. Civil NS,4.13. Affaires gracieuses,11Z
607,Contentieux civils et sociaux,Siège Non Spécialisé,4. Civil NS,4.13. Affaires gracieuses,13A
608,Contentieux civils et sociaux,Siège Non Spécialisé,4. Civil NS,4.13. Affaires gracieuses,13B
609,Contentieux civils et sociaux,Siège Non Spécialisé,4. Civil NS,4.13. Affaires gracieuses,13C
610,Contentieux civils et sociaux,Siège Non Spécialisé,4. Civil NS,4.13. Affaires gracieuses,13D
611,Contentieux civils et sociaux,Siège Non Spécialisé,4. Civil NS,4.13. Affaires gracieuses,13E
612,Contentieux civils et sociaux,Siège Non Spécialisé,4. Civil NS,4.13. Affaires gracieuses,13Z
613,Contentieux civils et sociaux,Siège Non Spécialisé,4. Civil NS,4.13. Affaires gracieuses,14F
614,Contentieux civils et sociaux,Siège Non Spécialisé,4. Civil NS,4.13. Affaires gracieuses,20H
615,Contentieux civils et sociaux,Siège Non Spécialisé,4. Civil NS,4.13. Affaires gracieuses,26D
616,Contentieux civils et sociaux,Siège Non Spécialisé,4. Civil NS,4.13. Affaires gracieuses,26F
617,Contentieux civils et sociaux,Siège Non Spécialisé,4. Civil NS,4.13. Affaires gracieuses,26G
618,Contentieux civils et sociaux,Siège Non Spécialisé,4. Civil NS,4.13. Affaires gracieuses,26H
619,Contentieux civils et sociaux,Siège Non Spécialisé,4. Civil NS,4.13. Affaires gracieuses,26J
620,Contentieux civils et sociaux,Siège Non Spécialisé,4. Civil NS,4.13. Affaires gracieuses,26K
621,Contentieux civils et sociaux,Siège Non Spécialisé,4. Civil NS,4.13. Affaires gracieuses,26Y
622,Contentieux civils et sociaux,Siège Non Spécialisé,4. Civil NS,4.13. Affaires gracieuses,28G
625,Contentieux civils et sociaux,Siège Non Spécialisé,4. Civil NS,4.13. Affaires gracieuses,35E
626,Contentieux civils et sociaux,Siège Non Spécialisé,4. Civil NS,4.13. Affaires gracieuses,35Z
627,Contentieux civils et sociaux,Siège Non Spécialisé,4. Civil NS,4.14. Juridiction du président,70N
628,Contentieux civils et sociaux,Siège Non Spécialisé,4. Civil NS,4.14. Juridiction du président,70O
632,Contentieux civils et sociaux,Siège Non Spécialisé,4. Civil NS,4.17. Autres civil NS,90A
633,Contentieux civils et sociaux,Siège Non Spécialisé,4. Civil NS,4.17. Autres civil NS,90B
634,Contentieux civils et sociaux,Siège Non Spécialisé,4. Civil NS,4.17. Autres civil NS,90C
635,Contentieux civils et sociaux,Siège Non Spécialisé,4. Civil NS,4.17. Autres civil NS,90D
636,Contentieux civils et sociaux,Siège Non Spécialisé,4. Civil NS,4.17. Autres civil NS,90Z
637,Contentieux civils et sociaux,Siège Non Spécialisé,4. Civil NS,4.17. Autres civil NS,91A
638,Contentieux civils et sociaux,Siège Non Spécialisé,4. Civil NS,4.17. Autres civil NS,91B
639,Contentieux civils et sociaux,Siège Non Spécialisé,4. Civil NS,4.17. Autres civil NS,91C
640,Contentieux civils et sociaux,Siège Non Spécialisé,4. Civil NS,4.17. Autres civil NS,91D
641,Contentieux civils et sociaux,Siège Non Spécialisé,4. Civil NS,4.17. Autres civil NS,91Z
642,Contentieux civils et sociaux,Siège Non Spécialisé,4. Civil NS,4.17. Autres civil NS,92A
643,Contentieux civils et sociaux,Siège Non Spécialisé,4. Civil NS,4.17. Autres civil NS,92B
644,Contentieux civils et sociaux,Siège Non Spécialisé,4. Civil NS,4.17. Autres civil NS,92C
645,Contentieux civils et sociaux,Siège Non Spécialisé,4. Civil NS,4.17. Autres civil NS,92D
646,Contentieux civils et sociaux,Siège Non Spécialisé,4. Civil NS,4.17. Autres civil NS,92Z
647,Contentieux civils et sociaux,Siège Non Spécialisé,4. Civil NS,4.17. Autres civil NS,93A
648,Contentieux civils et sociaux,Siège Non Spécialisé,4. Civil NS,4.17. Autres civil NS,93B
649,Contentieux civils et sociaux,Siège Non Spécialisé,4. Civil NS,4.17. Autres civil NS,96A
650,Contentieux civils et sociaux,Siège Non Spécialisé,4. Civil NS,4.17. Autres civil NS,96B
651,Contentieux civils et sociaux,Siège Non Spécialisé,4. Civil NS,4.17. Autres civil NS,96C
652,Contentieux civils et sociaux,Siège Non Spécialisé,4. Civil NS,4.17. Autres civil NS,96D
653,Contentieux civils et sociaux,Siège Non Spécialisé,4. Civil NS,4.17. Autres civil NS,96E
654,Contentieux civils et sociaux,Siège Non Spécialisé,4. Civil NS,4.17. Autres civil NS,96Z
655,Contentieux civils et sociaux,Siège Non Spécialisé,4. Civil NS,4.17. Autres civil NS,97A
656,Contentieux civils et sociaux,Siège Non Spécialisé,4. Civil NS,4.17. Autres civil NS,97B
657,Contentieux civils et sociaux,Siège Non Spécialisé,4. Civil NS,4.17. Autres civil NS,97C
658,Contentieux civils et sociaux,Siège Non Spécialisé,4. Civil NS,4.17. Autres civil NS,97D
659,Contentieux civils et sociaux,Siège Non Spécialisé,4. Civil NS,4.17. Autres civil NS,97E
660,Contentieux civils et sociaux,Siège Non Spécialisé,4. Civil NS,4.17. Autres civil NS,97F
661,Contentieux civils et sociaux,Siège Non Spécialisé,4. Civil NS,4.17. Autres civil NS,97G
662,Contentieux civils et sociaux,Siège Non Spécialisé,4. Civil NS,4.17. Autres civil NS,97H
663,Contentieux civils et sociaux,Siège Non Spécialisé,4. Civil NS,4.17. Autres civil NS,97J
664,Contentieux civils et sociaux,Siège Non Spécialisé,4. Civil NS,4.17. Autres civil NS,97K
665,Contentieux civils et sociaux,Siège Non Spécialisé,4. Civil NS,4.17. Autres civil NS,97L
666,Contentieux civils et sociaux,Siège Non Spécialisé,4. Civil NS,4.17. Autres civil NS,97M
667,Contentieux civils et sociaux,Siège Non Spécialisé,4. Civil NS,4.17. Autres civil NS,97N
668,Contentieux civils et sociaux,Siège Non Spécialisé,4. Civil NS,4.17. Autres civil NS,97O
669,Contentieux civils et sociaux,Siège Non Spécialisé,4. Civil NS,4.17. Autres civil NS,97P
670,Contentieux civils et sociaux,Siège Non Spécialisé,4. Civil NS,4.17. Autres civil NS,97Z
671,Contentieux civils et sociaux,Siège Non Spécialisé,4. Civil NS,4.17. Autres civil NS,94A
672,Contentieux civils et sociaux,Siège Non Spécialisé,4. Civil NS,4.17. Autres civil NS,94B
673,Contentieux civils et sociaux,Siège Non Spécialisé,4. Civil NS,4.17. Autres civil NS,94C
674,Contentieux civils et sociaux,Siège Non Spécialisé,4. Civil NS,4.17. Autres civil NS,94D
675,Contentieux civils et sociaux,Siège Non Spécialisé,4. Civil NS,4.17. Autres civil NS,94Z
676,Contentieux civils et sociaux,Siège Non Spécialisé,4. Civil NS,4.17. Autres civil NS,95A
677,Contentieux civils et sociaux,Siège Non Spécialisé,4. Civil NS,4.17. Autres civil NS,95B
678,Contentieux civils et sociaux,Siège Non Spécialisé,4. Civil NS,4.17. Autres civil NS,95C
680,Contentieux civils et sociaux,Siège spécialisé,3. JCP,3.2. Protection des majeurs,16B
681,Contentieux civils et sociaux,Siège spécialisé,3. JCP,3.2. Protection des majeurs,16C
682,Contentieux civils et sociaux,Siège spécialisé,3. JCP,3.2. Protection des majeurs,16D
683,Contentieux civils et sociaux,Siège spécialisé,3. JCP,3.2. Protection des majeurs,16E
684,Contentieux civils et sociaux,Siège spécialisé,3. JCP,3.2. Protection des majeurs,16F
685,Contentieux civils et sociaux,Siège spécialisé,3. JCP,3.2. Protection des majeurs,16H
686,Contentieux civils et sociaux,Siège spécialisé,3. JCP,3.2. Protection des majeurs,16J
687,Contentieux civils et sociaux,Siège spécialisé,3. JCP,3.2. Protection des majeurs,16K
688,Contentieux civils et sociaux,Siège spécialisé,3. JCP,3.2. Protection des majeurs,16M
689,Contentieux civils et sociaux,Siège spécialisé,3. JCP,3.2. Protection des majeurs,16N
690,Contentieux civils et sociaux,Siège spécialisé,3. JCP,3.2. Protection des majeurs,16P
691,Contentieux civils et sociaux,Siège spécialisé,3. JCP,3.2. Protection des majeurs,16Q
692,Contentieux civils et sociaux,Siège spécialisé,3. JCP,3.2. Protection des majeurs,16X
693,Contentieux civils et sociaux,Siège spécialisé,3. JCP,3.2. Protection des majeurs,17A
694,Contentieux civils et sociaux,Siège spécialisé,3. JCP,3.2. Protection des majeurs,17B
695,Contentieux civils et sociaux,Siège spécialisé,3. JCP,3.2. Protection des majeurs,17C
696,Contentieux civils et sociaux,Siège spécialisé,3. JCP,3.2. Protection des majeurs,17D
697,Contentieux civils et sociaux,Siège spécialisé,3. JCP,3.2. Protection des majeurs,17E
698,Contentieux civils et sociaux,Siège spécialisé,3. JCP,3.2. Protection des majeurs,17F
699,Contentieux civils et sociaux,Siège spécialisé,3. JCP,3.2. Protection des majeurs,17I
700,Contentieux civils et sociaux,Siège spécialisé,3. JCP,3.2. Protection des majeurs,17J
701,Contentieux civils et sociaux,Siège spécialisé,3. JCP,3.2. Protection des majeurs,17K
702,Contentieux civils et sociaux,Siège spécialisé,3. JCP,3.2. Protection des majeurs,17L
703,Contentieux civils et sociaux,Siège spécialisé,3. JCP,3.2. Protection des majeurs,17M
704,Contentieux civils et sociaux,Siège spécialisé,3. JCP,3.2. Protection des majeurs,17N
705,Contentieux civils et sociaux,Siège spécialisé,3. JCP,3.2. Protection des majeurs,17R
706,Contentieux civils et sociaux,Siège spécialisé,3. JCP,3.2. Protection des majeurs,17S
707,Contentieux civils et sociaux,Siège spécialisé,3. JCP,3.2. Protection des majeurs,17T
708,Contentieux civils et sociaux,Siège spécialisé,3. JCP,3.2. Protection des majeurs,17X
709,Contentieux civils et sociaux,Siège spécialisé,3. JCP,3.2. Protection des majeurs,18A
710,Contentieux civils et sociaux,Siège spécialisé,3. JCP,3.2. Protection des majeurs,18B
711,Contentieux civils et sociaux,Siège spécialisé,3. JCP,3.2. Protection des majeurs,18C
712,Contentieux civils et sociaux,Siège spécialisé,3. JCP,3.2. Protection des majeurs,18E
713,Contentieux civils et sociaux,Siège spécialisé,3. JCP,3.2. Protection des majeurs,18F
714,Contentieux civils et sociaux,Siège spécialisé,3. JCP,3.2. Protection des majeurs,18G
715,Contentieux civils et sociaux,Siège spécialisé,3. JCP,3.2. Protection des majeurs,18X
716,Contentieux civils et sociaux,Siège spécialisé,3. JCP,3.2. Protection des majeurs,18Z
717,Contentieux civils et sociaux,Siège spécialisé,3. JCP,3.2. Protection des majeurs,16O
718,Contentieux civils et sociaux,Siège spécialisé,3. JCP,3.2. Protection des majeurs,16R
719,Contentieux civils et sociaux,Siège spécialisé,3. JCP,3.2. Protection des majeurs,16S
720,Contentieux civils et sociaux,Siège spécialisé,3. JCP,3.2. Protection des majeurs,17O
721,Contentieux civils et sociaux,Siège spécialisé,3. JCP,3.2. Protection des majeurs,17P
722,Contentieux civils et sociaux,Siège spécialisé,3. JCP,3.2. Protection des majeurs,17Q
723,Contentieux civils et sociaux,Siège spécialisé,3. JCP,3.2. Protection des majeurs,18H
724,Contentieux civils et sociaux,Siège spécialisé,3. JCP,3.3. Surendettement des particuliers,48C
725,Contentieux civils et sociaux,Siège spécialisé,3. JCP,3.3. Surendettement des particuliers,48F
726,Contentieux civils et sociaux,Siège spécialisé,3. JCP,3.3. Surendettement des particuliers,48M
727,Contentieux civils et sociaux,Siège spécialisé,3. JCP,3.3. Surendettement des particuliers,48O
728,Contentieux civils et sociaux,Siège spécialisé,3. JCP,3.3. Surendettement des particuliers,48P
729,Contentieux civils et sociaux,Siège spécialisé,3. JCP,3.3. Surendettement des particuliers,48Q
730,Contentieux civils et sociaux,Siège spécialisé,3. JCP,3.3. Surendettement des particuliers,48A
731,Contentieux civils et sociaux,Siège spécialisé,3. JCP,3.3. Surendettement des particuliers,48B
732,Contentieux civils et sociaux,Siège spécialisé,3. JCP,3.3. Surendettement des particuliers,48D
733,Contentieux civils et sociaux,Siège spécialisé,3. JCP,3.3. Surendettement des particuliers,48E
734,Contentieux civils et sociaux,Siège spécialisé,3. JCP,3.3. Surendettement des particuliers,48H
735,Contentieux civils et sociaux,Siège spécialisé,3. JCP,3.3. Surendettement des particuliers,48J
736,Contentieux civils et sociaux,Siège spécialisé,3. JCP,3.3. Surendettement des particuliers,48L
737,Contentieux civils et sociaux,Siège spécialisé,3. JCP,3.3. Surendettement des particuliers,48N
738,Contentieux civils et sociaux,Siège spécialisé,3. JCP,3.3. Surendettement des particuliers,48X
740,Contentieux civils et sociaux,Siège spécialisé,3. JCP,3.3. Surendettement des particuliers,48G
742,Contentieux civils et sociaux,Siège spécialisé,3. JCP,3.3. Surendettement des particuliers,48K
743,Contentieux civils et sociaux,Siège spécialisé,3. JCP,3.3. Surendettement des particuliers,48R
758,Contentieux civils et sociaux,Siège spécialisé,3. JCP,3.4. Hors surendettement,53A
759,Contentieux civils et sociaux,Siège spécialisé,3. JCP,3.4. Hors surendettement,53B
760,Contentieux civils et sociaux,Siège spécialisé,3. JCP,3.4. Hors surendettement,53D
761,Contentieux civils et sociaux,Siège spécialisé,3. JCP,3.4. Hors surendettement,53E
762,Contentieux civils et sociaux,Siège spécialisé,3. JCP,3.4. Hors surendettement,53F
763,Contentieux civils et sociaux,Siège spécialisé,3. JCP,3.4. Hors surendettement,53H
764,Contentieux civils et sociaux,Siège spécialisé,3. JCP,3.4. Hors surendettement,53I
765,Contentieux civils et sociaux,Siège spécialisé,3. JCP,3.4. Hors surendettement,53J
766,Contentieux civils et sociaux,Siège spécialisé,3. JCP,3.4. Hors surendettement,53L
767,Contentieux civils et sociaux,Siège spécialisé,3. JCP,3.4. Hors surendettement,52A
768,Contentieux civils et sociaux,Siège spécialisé,3. JCP,3.4. Hors surendettement,52B
769,Contentieux civils et sociaux,Siège spécialisé,3. JCP,3.4. Hors surendettement,52C
770,Contentieux civils et sociaux,Siège spécialisé,3. JCP,3.4. Hors surendettement,52D
771,Contentieux civils et sociaux,Siège spécialisé,3. JCP,3.4. Hors surendettement,52E
772,Contentieux civils et sociaux,Siège spécialisé,3. JCP,3.4. Hors surendettement,52F
773,Contentieux civils et sociaux,Siège spécialisé,3. JCP,3.4. Hors surendettement,52G
774,Contentieux civils et sociaux,Siège spécialisé,3. JCP,3.4. Hors surendettement,52Z
777,Contentieux civils et sociaux,Siège spécialisé,5. JLD civil,5.1. Rétention des étrangers,14G
778,Contentieux civils et sociaux,Siège spécialisé,5. JLD civil,5.1. Rétention des étrangers,14H
779,Contentieux civils et sociaux,Siège spécialisé,5. JLD civil,5.1. Rétention des étrangers,14N
780,Contentieux civils et sociaux,Siège spécialisé,5. JLD civil,5.1. Rétention des étrangers,14Q
781,Contentieux civils et sociaux,Siège spécialisé,5. JLD civil,5.1. Rétention des étrangers,14R
782,Contentieux civils et sociaux,Siège spécialisé,5. JLD civil,5.2. Hospitalisations sous contrainte,14C
783,Contentieux civils et sociaux,Siège spécialisé,5. JLD civil,5.2. Hospitalisations sous contrainte,14I
785,Contentieux civils et sociaux,Siège spécialisé,5. JLD civil,5.2. Hospitalisations sous contrainte,14K
786,Contentieux civils et sociaux,Siège spécialisé,5. JLD civil,5.2. Hospitalisations sous contrainte,14L
788,Contentieux civils et sociaux,Siège spécialisé,5. JLD civil,5.3. Autres JLD civil,14O
789,Contentieux civils et sociaux,Siège spécialisé,5. JLD civil,5.3. Autres JLD civil,14P
790,Contentieux civils et sociaux,Siège spécialisé,5. JLD civil,5.3. Autres JLD civil,14S
791,Contentieux civils et sociaux,Siège spécialisé,5. JLD civil,5.3. Autres JLD civil,78U
794,Contentieux civils et sociaux,Siège spécialisé,6. JE,6.1. Activité civile,16A
795,Contentieux civils et sociaux,Siège spécialisé,6. JE,6.1. Activité civile,27G
796,Contentieux civils et sociaux,Siège spécialisé,6. JE,6.1. Activité civile,27H
